rank,score,year,tags,query,title,venue,doi,url,type,abstract
1,9,2026,,vision language action robotics,10 Open Challenges Steering the Future of Vision-Language-Action Models,Proceedings of the AAAI Conference on Artificial Intelligence,10.1609/aaai.v40i46.41333,https://doi.org/10.1609/aaai.v40i46.41333,journal-article,"<jats:p>Due to their ability of follow natural language
instructions,
vision-language-action (VLA) models are increasingly preva-
lent in the embodied AI arena, following the widespread suc-
cess of their precursors—LLMs and VLMs. In this paper,
we discuss 10 principal milestones in the ongoing develop-
ment of VLA models—multimodality, reasoning, data, eval-
uation, cross-robkot action generalization, efficiency,
whole-
body coordination, safety, agents, and coordination with hu-
mans. Furtherm"
2,9,2026,,vision language action robotics,ActionX: pre-training action experts with reinforcement learning for vision-language action models,Frontiers in Neurorobotics,10.3389/fnbot.2026.1806605,https://doi.org/10.3389/fnbot.2026.1806605,journal-article,"<jats:p>Vision-Language Action (VLA) models have enabled language-driven robotic manipulation by integrating language instructions, visual perception, and action generation. However, existing VLA approaches heavily rely on large-scale human demonstration datasets, which leads to substantial data collection and training costs. To address this, we propose ActionX, a pretraining framework that learns Action eXperts using reinforcement learning while leveraging a frozen, pretrained Vision-Language M"
3,9,2026,,vision language action robotics,DexGraspVLA: A Vision-Language-Action Framework Towards General Dexterous Grasping,Proceedings of the AAAI Conference on Artificial Intelligence,10.1609/aaai.v40i22.38953,https://doi.org/10.1609/aaai.v40i22.38953,journal-article,"<jats:p>Dexterous grasping remains a fundamental yet challenging problem in robotics. A general-purpose robot must be capable of grasping diverse objects in arbitrary scenarios. However, existing research typically relies on restrictive assumptions, such as single-object settings or limited environments, showing constrained generalization. We present DexGraspVLA, a hierarchical framework for robust generalization in language-guided general dexterous grasping and beyond. It utilizes a pre-trained"
4,9,2026,,embodied intelligence scaling,Multi-Scaling Laws for Embodied Intelligence: A Conjecture on Nested Power-Law Relationships in Dexterous Manipulation,,10.36227/techrxiv.176857966.68601161/v1,https://doi.org/10.36227/techrxiv.176857966.68601161/v1,posted-content,
5,9,2025,,contact-rich manipulation,Co-Training Multimodal World Models and Diffusion-Guided Policies for Zero-Shot Contact- Rich Manipulation,,10.21203/rs.3.rs-7347334/v1,https://doi.org/10.21203/rs.3.rs-7347334/v1,posted-content,"<title>Abstract</title>
        <p>This study presents <bold>MWM‑DD</bold> (Multimodal World Model–Diffusion Decision), a unified control architecture that couples: (i) a vision–tactile–proprioceptive encoder aligned in a shared predictive latent; (ii) a Transformer‑VAE world model that captures latent dynamics and rewards; and (iii) a constraint‑ and value‑guided <bold>diffusion decision</bold> module realized as a receding‑horizon controller. The system is trained end‑to‑end using reconstructi"
6,9,2025,,vision language action robotics,Integrating Motion Planning in Vision Language Action Agents,Applied and Computational Engineering,10.54254/2755-2721/2025.ast27134,https://doi.org/10.54254/2755-2721/2025.ast27134,journal-article,"<jats:p>Vision-Language-Action (VLA) models integrate visual perception, natural language understanding, and embodied control into a unified framework, enabling end-to-end task execution from multimodal instructions. While such models have demonstrated impressive generalization across tasks and environments, their direct outputs—often in the form of discrete action tokens or waypoint sequences—frequently overlook key physical constraints, such as trajectory feasibility, collision avoidance, and "
7,9,2025,,vision language action robotics,Vision-Language-Action Models for Robotics: A Review Towards Real-World Applications,,10.36227/techrxiv.175502755.53627529/v1,https://doi.org/10.36227/techrxiv.175502755.53627529/v1,posted-content,"<jats:p>Amid growing efforts to leverage advances in large language models (LLMs) and vision-language models (VLMs) for robotics, Vision-Language-Action (VLA) models have recently gained significant attention. By unifying vision, language, and action data at scale, which have traditionally been studied separately, VLA models aim to learn policies that generalise across diverse tasks, objects, embodiments, and environments. This generalisation capability is expected to enable robots to solve nove"
8,8,2020,,sim-to-real robotics,Blind Spot Detection for Safe Sim-to-Real Transfer,Journal of Artificial Intelligence Research,10.1613/jair.1.11436,https://doi.org/10.1613/jair.1.11436,journal-article,"<jats:p>Agents trained in simulation may make errors when performing actions in the real world due to mismatches between training and execution environments. These mistakes can be dangerous and difficult for the agent to discover because the agent is unable to predict them a priori. In this work, we propose the use of oracle feedback to learn a predictive model of these blind spots in order to reduce costly errors in real-world applications. We focus on blind spots in reinforcement learning (RL)"
9,7,2026,,contact-rich manipulation,"A generic task model and control strategy to support learning, robust control, and generalization of contact-rich manipulation tasks",Robotics and Autonomous Systems,10.1016/j.robot.2025.105270,https://doi.org/10.1016/j.robot.2025.105270,journal-article,
10,7,2026,,vision language action robotics,Data-Driven Robotics: Vision–Language–Action Learning for Robust Manipulation and Autonomy,,10.62311/nesx/rb-978-81-999716-2-2,https://doi.org/10.62311/nesx/rb-978-81-999716-2-2,reference-book,"<jats:p>Abstract:
This manuscript develops a rigorous academic framework for data-driven robotics with particular emphasis on vision-language-action learning for robust manipulation and autonomy. It brings together foundations of embodied intelligence, uncertainty management, statistical explanation, causal inference, machine learning, scalable analytics engineering, and governance-oriented deployment design. The book argues that reliable autonomy emerges not from isolated model performance, but"
11,7,2026,,embodied intelligence scaling,"Development is (embodied) intelligence - Biological information, agency, and contextuality",IOP Conference Series: Materials Science and Engineering,10.1088/1757-899x/1343/1/012008,https://doi.org/10.1088/1757-899x/1343/1/012008,journal-article,"<jats:title>Abstract</jats:title>
                  <jats:p>We argue that development is not the outcome of genetic instructions or dynamics, but of biological agency embedded in a multi-scale coordination architecture characteristic of living systems. We outline the lack of a plausible mechanism by which semantic content about the phenotype could be encoded in, or retrieved from, the genotype or its patterns of expression per se, requiring the existence of some other process to govern developme"
12,7,2026,,sim-to-real robotics,Dual-robot Engine Assembly via Sim-to-Real Reinforcement Learning,"2026 6th International Conference on Neural Networks, Information and Communication Engineering (NNICE)",10.1109/nnice68970.2026.11465621,https://doi.org/10.1109/nnice68970.2026.11465621,proceedings-article,
13,7,2026,,robot foundation model,ECG-Image-FM:ECG Image Foundation Model,,10.2139/ssrn.6583480,https://doi.org/10.2139/ssrn.6583480,posted-content,"<jats:p>BackgroundAlthough large-scale electrocardiogram (ECG) foundation models have advanced digital signal analysis, their application to clinically prevalent image-format records remains limited due to the modality gap between digital waveforms and visual representations.ObjectivesThis study sought to develop and evaluate ECG-Image-FM (Electrocardiogram Image Foundation Model), a cross-modal self-supervised framework designed to interpret ECGs directly from image-format data by transferring "
14,7,2026,,vision language action robotics,EVALUATING GENERALIZATION CAPABILITIES OF VISION-LANGUAGE-ACTION MODELS IN ROBOTIC AGENTS,European Open Science Space,10.70286/eoss-25.05.2026.027.733-736,https://doi.org/10.70286/eoss-25.05.2026.027.733-736,journal-article,"<jats:p>This work analyzes the generalization capabilities of modern Vision-Language-
Action models for robotic agents. The work compares several current approaches and
discusses their ability to connect visual perception, language instructions, and action
generation. The results show that VLA models are a promising direction for openworld
robotics, but their robustness and adaptability in complex or unseen
environments remain limited.</jats:p>"
15,7,2026,,robot policy foundation model,Foundation Models as Decision Priors in Robotics: World-Model vs Policy Prior,Journal of Intelligence and Knowledge Engineering,10.62517/jike.202604126,https://doi.org/10.62517/jike.202604126,journal-article,"<jats:p>We survey how foundation models (FMs) act as decision priors in robot autonomy, contrasting world-model priors with policy priors across verifiability, constraint handling, latency, planning horizon, and out-of-distribution robustness. We formalize non-interchangeability boundaries, propose integration patterns (hierarchical, dynamic switching, blended control, human-in-the-loop, iterative co-evolution), and outline a benchmarking protocol together with deployment governance checklists. "
16,7,2026,,embodied intelligence scaling,Microstructure engineering for tactile-enabled embodied intelligence,Materials Horizons,10.1039/d5mh01906k,https://doi.org/10.1039/d5mh01906k,journal-article,"<jats:p>Microstructure engineering empowers flexible pressure sensors with enhanced performance, enabling tactile perception for embodied intelligence applications.</jats:p>"
17,7,2026,,robot foundation model,MiMo-Embodied: X-Embodied Foundation Model,,10.21203/rs.3.rs-8493355/v1,https://doi.org/10.21203/rs.3.rs-8493355/v1,posted-content,"<title>Abstract</title>
                <p>MiMo-Embodied is a groundbreaking cross-embodied foundation model that integrates indoor robotics and outdoor autonomous driving in one model, effectively addressing the historical ''domain gap'' that has siloed Embodied AI and driving systems. The model achieves state-of-the-art performance across 29 benchmarks, comprising 17 tasks in Embodied AI (including  task planning, affordance prediction and spatial understanding) and 12 in autonomous driving (s"
18,7,2026,,robot world model,Multi-modal world model for physical robot interactions: Simultaneous visual and tactile predictions for enhanced accuracy (SPOTS),Robotics and Autonomous Systems,10.1016/j.robot.2026.105512,https://doi.org/10.1016/j.robot.2026.105512,journal-article,
19,7,2026,,multimodal robot learning,Multimodal Contrastive Learning for Zero-Shot Instruction-Following Robot with Synthetic Data,"Engineering, Technology &amp; Applied Science Research",10.48084/etasr.18291,https://doi.org/10.48084/etasr.18291,journal-article,"<jats:p>Robot trajectory prediction is heavily dependent on large-scale real-world demonstrations, which limit scalability, increase data acquisition costs, and eventually prevent zero-shot generalization. To address this limitation, this paper introduces Zero-Shot Task Learning (ZSTL), a multimodal framework that uses structurally aligned synthetic data and contrastive learning to enable instruction-based trajectory generation without reliance on real-world demonstrations. ZSTL jointly encodes "
20,7,2026,,sim-to-real robotics,NeuralTouch: Neural Descriptors for Precise Sim-to-Real Tactile Robot Control,IEEE/ASME Transactions on Mechatronics,10.1109/tmech.2026.3687919,https://doi.org/10.1109/tmech.2026.3687919,journal-article,
21,7,2026,,robot foundation model,Physics-informed embodied intelligence in the foundation model era: Advancing robot manipulation for smart manufacturing,Advanced Engineering Informatics,10.1016/j.aei.2026.104370,https://doi.org/10.1016/j.aei.2026.104370,journal-article,
22,7,2026,,vision language action robotics,Safety of Vision-Language-Action Models: A Survey from Lifecycle Perspectives,,10.22541/au.177524426.60806944/v1,https://doi.org/10.22541/au.177524426.60806944/v1,posted-content,"<jats:p>Vision-Language-Action (VLA) models have recently emerged as a promising paradigm for embodied intelligence, enabling robots to perform complex actions over multimodal observations with one end-to-end policy. With the increasing deployment of VLA models in real-world environments, ensuring their safety has become critical, as failures or malicious behaviors can result in severe physical harm and far-reaching societal consequences. Despite the growing body of research on VLA safety, exist"
23,7,2026,,vision language action robotics,Scaling Vision–Language–Action Policy Adaptation via Action-Conditioned World Models,2026 12th International Conference on Mechatronics and Robotics Engineering (ICMRE),10.1109/icmre69538.2026.11533985,https://doi.org/10.1109/icmre69538.2026.11533985,proceedings-article,
24,7,2026,,sim-to-real robotics,SKYWALKER: Dual-Agent Reinforcement Learning for Autonomous Crawling in a Planar Microgravity Analog : Sim-to-Real Evaluation at ESA’s Orbital Robotics Lab,2026 IEEE Conference on Artificial Intelligence (CAI),10.1109/cai68641.2026.11536641,https://doi.org/10.1109/cai68641.2026.11536641,proceedings-article,
25,7,2026,,robot foundation model,Teaching the Teacher: Live Foundation Model and Augmented Reality Feedback for Human-to-Robot Skill Transfer,Proceedings of the 21st ACM/IEEE International Conference on Human-Robot Interaction,10.1145/3757279.3788667,https://doi.org/10.1145/3757279.3788667,proceedings-article,
26,7,2026,,embodied intelligence scaling,Three‐Dimensional Garment Architectures for Tactile Embodied Intelligence,Advanced Materials,10.1002/adma.73410,https://doi.org/10.1002/adma.73410,journal-article,"<jats:title>ABSTRACT</jats:title>
                  <jats:p>
                    Sensory‐neuromorphic computing endows wearable devices with capabilities of environmental perception and active service, acting as a pivotal driver for the revolution in human–computer interaction. However, its implementation in textile electronics is hampered by incompatibility between conventional electronic device structures and the fabric‐woven manufacturing methodology. Here, we demonstrate a tactile‐neuromorph"
27,7,2026,,multimodal robot learning,"Unlocking the Power of Large Multimodal Models for Robot Learning: Robustness, Generalization, and Opportunities",Proceedings of the AAAI Conference on Artificial Intelligence,10.1609/aaai.v40i47.41343,https://doi.org/10.1609/aaai.v40i47.41343,journal-article,"<jats:p>Large multimodal models (LMMs) have revolutionized AI by
demonstrating remarkable capabilities in vision, language,
audio, and other domains, particularly in understanding and
generalization tasks. Yet, moving beyond passive
understanding to active interaction requires embodied
agents, such as robots, that can harness the capabilities
of AI models to act within the physical world. My core
research aims to build embodied agents that reason about
and interact with the physical world with h"
28,7,2026,,vision language action robotics,Vision-Language-Action (VLA) Models for Unmanned Aerial Robotics and Bimanual Manipulation: A Review,,10.20944/preprints202604.0664.v1,https://doi.org/10.20944/preprints202604.0664.v1,posted-content,"<jats:p>Vision-Language-Action (VLA) models unify visual perception, natural-language understanding, and action generation within a single foundation model, allowing a robot to follow instructions such as “fold the towel” or “fly to the red building” directly from camera images. Because VLAs inherit world knowledge from internet-scale pre-training, they have become the dominant framework for learning-based manipulation, with bimanual coordination serving as the most demanding testbed: two arms w"
29,7,2026,,vision language action robotics,Vision–Language–Action (VLA) Models for Unmanned Aerial Robotics and Bimanual Manipulation: A Review,Drones,10.3390/drones10060412,https://doi.org/10.3390/drones10060412,journal-article,"<jats:p>Vision–Language–Action (VLA) models unify visual perception, natural-language understanding, and action generation within a single foundation model, allowing a robot to follow instructions such as “fold the towel” or “fly to the red building” directly from camera images. Because VLAs inherit world knowledge from internet-scale pre-training, they have become the dominant framework for learning-based manipulation, with bimanual coordination serving as the most demanding testbed: two arms w"
30,7,2026,,robot tactile perception,Visual-tactile perception for a biomimetic robot in constrained environments,Bioinspiration &amp; Biomimetics,10.1088/1748-3190/ae224d,https://doi.org/10.1088/1748-3190/ae224d,journal-article,"<jats:title>Abstract</jats:title>
                  <jats:p>Environmental perception is a crucial foundation for enhancing the application potential of biomimetic robots. Motivated by the complementary roles of visual and tactile sensing observed in rats, this work proposes a visual-tactile perception for a small-scale bio-inspired robotic rat. The method leverages binocular vision to estimate depth images through an attention-based network and improve perception and localization accuracy by 14."
31,7,2025,,robot foundation model,A foundation model for atomistic materials chemistry,The Journal of Chemical Physics,10.1063/5.0297006,https://doi.org/10.1063/5.0297006,journal-article,"<jats:p>Atomistic simulations of matter, especially those that leverage first-principles (ab initio) electronic structure theory, provide a microscopic view of the world, underpinning much of our understanding of chemistry and materials science. Over the last decade or so, machine-learned force fields have transformed atomistic modeling by enabling simulations of ab initio quality over unprecedented time and length scales. However, early machine-learning (ML) force fields have largely been limit"
32,7,2025,,robot foundation model,An EMG Foundation Model for Neural Decoding,,10.64898/2025.12.17.694831,https://doi.org/10.64898/2025.12.17.694831,posted-content,"<jats:title>Abstract</jats:title>
                <jats:p>Decoding algorithms can be used to predict motor behaviour from patterns of neural activity. However, most studies rely on subject-optimized models, limiting generalization and scalability to novel subjects and tasks. Building on recent advances in deep learning and large-scale data, here we developed an EMG foundation model for neural decoding. Our model was trained on more than 197 hours of neural recordings from 1,667 subjects. We used"
33,7,2025,,robot tactile perception,An Integrated Monolithic Synaptic Device for C-Tactile Afferent Perception and Robot Emotional Interaction,Cyborg and Bionic Systems,10.34133/cbsystems.0367,https://doi.org/10.34133/cbsystems.0367,journal-article,"<jats:p>C-tactile afferents are low-threshold mechanoreceptors that innervate the hairy skin of mammals, essential for emotional interactions. Replication of such a mechanism could facilitate emotional interactions between humans and embodied intelligence robotic systems. Herein, we demonstrate a monolithic synaptic device that replicates and integrates tactile sensing and neuromorphic processing functions for in-sensor computing. The device is operable by both mechanical and electrical inputs, "
34,7,2025,,embodied intelligence scaling,Constrained chronotopic agency and embodied scaling in Zelensky’s wartime speeches,Language and Semiotic Studies,10.1515/lass-2025-0037,https://doi.org/10.1515/lass-2025-0037,journal-article,"<jats:title>Abstract</jats:title>
                  <jats:p>
                    This study examines how Ukrainian President Volodymyr Zelensky’s wartime speeches (2022–2024) strategically mobilize chronotopes and scalar configurations to construct political legitimacy, forge transnational alliances, and choreograph diplomatic action under geopolitical duress. Synergizing linguistic anthropology, narrative theory, and multimodal discourse analysis, it introduces two original concepts, namely
   "
35,7,2025,,embodied intelligence scaling,Digital genealogy: empowering industrial embodied intelligence world model,SCIENTIA SINICA Informationis,10.1360/ssi-2025-0093,https://doi.org/10.1360/ssi-2025-0093,journal-article,
36,7,2025,,vision language action robotics,Dita: Scaling Diffusion Transformer for Generalist Vision-Language-Action Policy,2025 IEEE/CVF International Conference on Computer Vision (ICCV),10.1109/iccv51701.2025.00721,https://doi.org/10.1109/iccv51701.2025.00721,proceedings-article,
37,7,2025,,embodied intelligence scaling,Dynamic wind-up locomotion enabled by embodied intelligence,The International Journal of Robotics Research,10.1177/02783649251360814,https://doi.org/10.1177/02783649251360814,journal-article,"<jats:p>Repetitive subtasks of locomotion are offloaded from a conventional computer-actuator-sensor set-up to automatic mechanical processes. The subtasks considered are: (1) when out-of-contact with the environment, move a leg to a ready position in preparation for step contact, and (2) when contact is detected, push off the ground. Using conventional closed-loop control, subtask (1) would be accomplished by programming logic and a feedback loop onto a computer-motor-encoder system, and subtas"
38,7,2025,,embodied intelligence scaling,Embodied intelligence for robot manipulation: development and challenges,Vicinagearth,10.1007/s44336-025-00020-1,https://doi.org/10.1007/s44336-025-00020-1,journal-article,"<jats:title>Abstract</jats:title>
                  <jats:p>Embodied intelligence is regarded as a key pathway to achieving artificial general intelligence (AGI) due to its ability to enable direct interaction between digital information and the physical environment. With the development of artificial intelligence (AI) technology, embodied intelligence has demonstrated strong capabilities in perception, reasoning, and generalization within real-world environments, driving the transformation of A"
39,7,2025,,embodied intelligence scaling,Embodied Intelligence Platform for Materials Synthesis,,10.21203/rs.3.rs-7161987/v1,https://doi.org/10.21203/rs.3.rs-7161987/v1,posted-content,"<title>Abstract</title>
                <p>Artificial intelligence (AI) experimental systems demonstrate marked improvements in material research efficiency.  However, challenges in generalization capabilities and experimental operations remain to be addressed.  Here, a flexible Embodied Intelligence (EI) platform comprising a home-made EI robot and modular experimental components is designed and demonstrated to overcome these hurdles.  The remotely trained EI robot generated action libraries en"
40,7,2025,,sim-to-real robotics,EmbodiedSplat: Personalized Real-To-Sim-To-Real Navigation with Gaussian Splats From a Mobile Device,2025 IEEE/CVF International Conference on Computer Vision (ICCV),10.1109/iccv51701.2025.02359,https://doi.org/10.1109/iccv51701.2025.02359,proceedings-article,
41,7,2025,,embodied intelligence scaling,EQA-RM: A Generative Embodied Reward Model with Test-time Scaling,Proceedings of the 2025 Conference on Empirical Methods in Natural Language Processing,10.18653/v1/2025.emnlp-main.48,https://doi.org/10.18653/v1/2025.emnlp-main.48,proceedings-article,
42,7,2025,,vision language action robotics,Foundation Models for Construction Robotics: Transfer Learning and Vision-Language-Action Integration,International Journal of Scientific Research in Engineering and Management,10.55041/ijsrem54814,https://doi.org/10.55041/ijsrem54814,journal-article,"<jats:p>Abstract: This paper investigates the adaptation of pre-trained robotics foundation models, specifically RT-2 and PaLM-E, for construction automation applications. This research explores transfer learning methodologies across diverse construction tasks, develop vision-language-action (VLA) frameworks for instructable construction robots, implement few-shot learning approaches for rapid adaptation to novel operations, and design generalist robot policies capable of multi-task construction"
43,7,2025,,embodiment generalization robotics,GET-Zero: Graph Embodiment Transformer for Zero-Shot Embodiment Generalization,2025 IEEE International Conference on Robotics and Automation (ICRA),10.1109/icra55743.2025.11127922,https://doi.org/10.1109/icra55743.2025.11127922,proceedings-article,
44,7,2025,,contact-rich manipulation,Human-assisted reinforcement learning and dynamic force patterns in contact-rich manipulation for robotic disassembly,Industrial Robot: the international journal of robotics research and application,10.1108/ir-03-2025-0080,https://doi.org/10.1108/ir-03-2025-0080,journal-article,"<jats:sec>
                    <jats:title>Purpose</jats:title>
                    <jats:p>The escalating rates of material consumption and energy usage, along with resulting waste, pose significant environmental challenges. Circular economy principles, remanufacturing and disassembly strategies emerge as potential solutions to mitigate these impacts. However, disassembly processes face a critical hurdle due to the inherent variability of products. The purpose of this study is to explore the po"
45,7,2025,,robot self-supervised learning,Imperative learning: A self-supervised neuro-symbolic learning framework for robot autonomy,The International Journal of Robotics Research,10.1177/02783649251353181,https://doi.org/10.1177/02783649251353181,journal-article,"<jats:p>Data-driven methods such as reinforcement and imitation learning have achieved remarkable success in robot autonomy. However, their data-centric nature still hinders them from generalizing well to ever-changing environments. Moreover, labeling data for robotic tasks is often impractical and expensive. To overcome these challenges, we introduce a new self-supervised neuro-symbolic (NeSy) computational framework, imperative learning (IL), for robot autonomy, leveraging the generalization a"
46,7,2025,,embodiment generalization robotics,Improving Compositional Generalization in Cross-Embodiment Learning via Mixture of Disentangled Prototypes,Proceedings of the 33rd ACM International Conference on Multimedia,10.1145/3746027.3754499,https://doi.org/10.1145/3746027.3754499,proceedings-article,
47,7,2025,,robot foundation model,MetaboFM: A Foundation Model for Spatial Metabolomics,,10.1101/2025.10.23.684227,https://doi.org/10.1101/2025.10.23.684227,posted-content,"<jats:title>Abstract</jats:title>
                <jats:p>
                  Mass spectrometry imaging (MSI) provides molecularly resolved maps of metabolites and lipids across tissues, yet the lack of large-scale, unified representation learning frameworks limits its potential for generalization and downstream analysis. Here, we introduce MetaboFM, a foundation model for spatial metabolomics that consolidates thousands of public MSI datasets into standardized spatial–spectral tensors and extrac"
48,7,2025,,vision language action robotics,MoManipVLA: Transferring Vision-language-action Models for General Mobile Manipulation,2025 IEEE/CVF Conference on Computer Vision and Pattern Recognition (CVPR),10.1109/cvpr52734.2025.00167,https://doi.org/10.1109/cvpr52734.2025.00167,proceedings-article,
49,7,2025,,sim-to-real robotics,ReBot: Scaling Robot Learning with Real-to-Sim-to-Real Robotic Video Synthesis,2025 IEEE/RSJ International Conference on Intelligent Robots and Systems (IROS),10.1109/iros60139.2025.11246305,https://doi.org/10.1109/iros60139.2025.11246305,proceedings-article,
50,7,2025,,contact-rich manipulation,Robust contact-rich manipulation through implicit motor adaptation,The International Journal of Robotics Research,10.1177/02783649251344638,https://doi.org/10.1177/02783649251344638,journal-article,"<jats:p>
                    Contact-rich manipulation plays an important role in daily human activities. However, uncertain physical parameters often pose significant challenges for both planning and control. A promising strategy is to develop policies that are robust across a wide range of parameters. Domain adaptation and domain randomization are widely used, but they tend to either limit generalization to new instances or perform conservatively due to neglecting instance-specific information"
51,7,2025,,robot manipulation scaling,Scaling Whole-Body Multi-Contact Manipulation with Contact Optimization,2025 IEEE-RAS 24th International Conference on Humanoid Robots (Humanoids),10.1109/humanoids65713.2025.11203010,https://doi.org/10.1109/humanoids65713.2025.11203010,proceedings-article,
52,7,2025,,contact-rich manipulation,Towards cost-effective and safe contact-rich robotic manipulation with reinforcement learning: A review of techniques for future industrial automation,"Proceedings of the Institution of Mechanical Engineers, Part I: Journal of Systems and Control Engineering",10.1177/09596518251350353,https://doi.org/10.1177/09596518251350353,journal-article,"<jats:p>Reinforcement Learning (RL) has been considered a promising method to enable the automation of contact-rich manipulation tasks, which can increase capabilities for industrial automation. RL facilitates autonomous agents’ learning to solve environments with complex dynamics with little human intervention, making it easier to implement control strategies for contact-rich tasks compared to traditional control approaches. Further, RL-based robotic control has the potential to transfer polici"
53,7,2025,,vision language action robotics,VLATest: Testing and Evaluating Vision-Language-Action Models for Robotic Manipulation,Proceedings of the ACM on Software Engineering,10.1145/3729343,https://doi.org/10.1145/3729343,journal-article,"<jats:p>The rapid advancement of generative AI and multi-modal foundation models has shown significant potential in advancing robotic manipulation. Vision-language-action (VLA) models, in particular, have emerged as a promising approach for visuomotor control by leveraging large-scale vision-language data and robot demonstrations. However, current VLA models are typically evaluated using a limited set of hand-crafted scenes, leaving their general performance and robustness in diverse scenarios l"
54,7,2025,,vision language action robotics,VQ-VLA: Improving Vision-Language-Action Models via Scaling Vector-Quantized Action Tokenizers,2025 IEEE/CVF International Conference on Computer Vision (ICCV),10.1109/iccv51701.2025.01032,https://doi.org/10.1109/iccv51701.2025.01032,proceedings-article,
55,7,2025,,robot foundation model,What foundation models can bring for robot learning in manipulation: A survey,The International Journal of Robotics Research,10.1177/02783649251390579,https://doi.org/10.1177/02783649251390579,journal-article,"<jats:p>The realization of universal robots is an ultimate goal of researchers. However, a key hurdle in achieving this goal lies in the robots’ ability to manipulate objects in their unstructured environments according to different tasks. The learning-based approach is considered an effective way to address generalization. The impressive performance of foundation models in the fields of computer vision and natural language suggests the potential of embedding foundation models into manipulation "
56,6,2024,,embodied intelligence scaling,Application of Large Language Models in Embodied Artificial Intelligence,Transactions on Computer Science and Intelligent Systems Research,10.62051/05k91t81,https://doi.org/10.62051/05k91t81,journal-article,"<jats:p>The convergence of Artificial Intelligence (AI) and robotics has led to the emergence of embodied AI, where intelligent systems equipped with sensors and actuators interact with the physical world and operate alongside humans. These systems are transforming industries such as autonomous driving, healthcare, and household assistance. However, despite extensive research, embodied AI systems face significant limitations, including poor generalization and performance degradation in complex e"
57,6,2024,,imitation learning robotics,Auto-Encoding Adversarial Imitation Learning,International Joint Conference on Autonomous Agents and Multiagent Systems Proceedings of the Third International Joint Conference on Autonomous Agents and Multiagent Systems - Volume 1,10.65109/basf5034,https://doi.org/10.65109/basf5034,proceedings-article,"<jats:p>Reinforcement learning (RL) provides a powerful framework for decision-making, but its application in practice often requires a carefully designed reward function. Adversarial Imitation Learning (AIL) sheds light on automatic policy acquisition without access to the reward signal from the environment. In this work, we propose Auto-Encoding Adversarial Imitation Learning (AEAIL), a robust and scalable AIL framework. To induce expert policies from demonstrations, AEAIL utilizes the reconst"
58,6,2024,,embodied intelligence scaling,Concentrating intelligence: scaling and market structure in artificial intelligence,Economic Policy,10.1093/epolic/eiae057,https://doi.org/10.1093/epolic/eiae057,journal-article,"<jats:title>Abstract</jats:title>
               <jats:p>This paper examines the evolving structure and competition dynamics of the rapidly growing market for AI foundation models, with a special focus on large language models. We describe the technological characteristics that shape the AI industry and have given rise to fierce competition among the leading players. The paper analyses the cost structure of foundation models, emphasizing the importance of key inputs such as computational resourc"
59,6,2024,,robot reinforcement learning,Deep Reinforcement Learning-Based Large-Scale Robot Exploration,IEEE Robotics and Automation Letters,10.1109/lra.2024.3379804,https://doi.org/10.1109/lra.2024.3379804,journal-article,
60,6,2024,,sim-to-real robotics,Dual Action Policy for Robust Sim-to-Real Reinforcement Learning,Lecture Notes in Computer Science Artificial Neural Networks and Machine Learning – ICANN 2024,10.1007/978-3-031-72341-4_25,https://doi.org/10.1007/978-3-031-72341-4_25,book-chapter,
61,6,2024,,robot reinforcement learning,Federated deep reinforcement learning for mobile robot navigation,Journal of Intelligent &amp; Fuzzy Systems,10.3233/jifs-219428,https://doi.org/10.3233/jifs-219428,journal-article,"<jats:p>Navigation of a mobile robot in an unknown environment ensuring the safety of the robot and its surroundings is of utmost importance. Traditional methods, such as pathplanning algorithms, simultaneous localization and mapping, computer vision, and fuzzy techniques, have been employed to address this challenge. However, to achieve better generalization and self-improvement capabilities, reinforcement learning has gained significant attention. The concern of privacy issues in sharing data "
62,6,2024,,robot planning learning,Federated reinforcement learning for robot motion planning with zero-shot generalization,Automatica,10.1016/j.automatica.2024.111709,https://doi.org/10.1016/j.automatica.2024.111709,journal-article,
63,6,2024,,sim-to-real robotics,Model-based Reinforcement Learning for Sim-to-Real Transfer in Robotics using HTM neural networks,"2024 10th International Conference on Control, Decision and Information Technologies (CoDIT)",10.1109/codit62066.2024.10708424,https://doi.org/10.1109/codit62066.2024.10708424,proceedings-article,
64,6,2024,,multimodal robot learning,Multimodal fusion and human-robot interaction control of an intelligent robot,Frontiers in Bioengineering and Biotechnology,10.3389/fbioe.2023.1310247,https://doi.org/10.3389/fbioe.2023.1310247,journal-article,<jats:p><jats:bold>Introduction:</jats:bold> Small-scaled robotic walkers play an increasingly important role in Activity of Daily Living (ADL) assistance in the face of ever-increasing rehab requirements and existing equipment drawbacks. This paper proposes a Rehabilitation Robotic Walker (RRW) for walking assistance and body weight support (BWS) during gait rehabilitation.</jats:p><jats:p><jats:bold>Methods:</jats:bold> The walker provides the patients with weight offloading and guiding force 
65,6,2024,,robot tactile perception,Robot Embodied Dynamic Tactile Perception of Liquid in Containers,2024 IEEE-RAS 23rd International Conference on Humanoid Robots (Humanoids),10.1109/humanoids58906.2024.10769944,https://doi.org/10.1109/humanoids58906.2024.10769944,proceedings-article,
66,6,2024,,contact-rich manipulation,RTTF: Rapid Tactile Transfer Framework for Contact-Rich Manipulation Tasks,2024 IEEE/RSJ International Conference on Intelligent Robots and Systems (IROS),10.1109/iros58592.2024.10801764,https://doi.org/10.1109/iros58592.2024.10801764,proceedings-article,
67,6,2024,,sim-to-real robotics,Sim-to-Real Policy Transfer in Deep Reinforcement Learning,"2024 24th International Conference on Control, Automation and Systems (ICCAS)",10.23919/iccas63016.2024.10773220,https://doi.org/10.23919/iccas63016.2024.10773220,proceedings-article,
68,6,2024,,sim-to-real robotics,Sim-to-Real Transfer for Robotics Using Model-Free Curriculum Reinforcement Learning,2024 IEEE International Conference on Industrial Technology (ICIT),10.1109/icit58233.2024.10540995,https://doi.org/10.1109/icit58233.2024.10540995,proceedings-article,
69,6,2024,,robot tactile perception,Snake Robot with Tactile Perception Navigates on Large-scale Challenging Terrain,2024 IEEE International Conference on Robotics and Automation (ICRA),10.1109/icra57147.2024.10611384,https://doi.org/10.1109/icra57147.2024.10611384,proceedings-article,
70,6,2023,,contact-rich manipulation,A novel human-robot skill transfer method for contact-rich manipulation task,Robotic Intelligence and Automation,10.1108/ria-01-2023-0002,https://doi.org/10.1108/ria-01-2023-0002,journal-article,"<jats:sec>
<jats:title content-type=""abstract-subheading"">Purpose</jats:title>
<jats:p>The purpose of this paper is to enhance the robot’s ability to complete multi-step contact tasks in unknown or dynamic environments, as well as the generalization ability of the same task in different environments.</jats:p>
</jats:sec>
<jats:sec>
<jats:title content-type=""abstract-subheading"">Design/methodology/approach</jats:title>
<jats:p>This paper proposes a framework that combines learning from demonstrat"
71,6,2023,,contact-rich manipulation,Augmentation Enables One-Shot Generalization in Learning from Demonstration for Contact-Rich Manipulation,2023 IEEE/RSJ International Conference on Intelligent Robots and Systems (IROS),10.1109/iros55552.2023.10341625,https://doi.org/10.1109/iros55552.2023.10341625,proceedings-article,
72,6,2023,,robot tactile perception,Embodied Active Tactile Perception,IOP Conference Series: Materials Science and Engineering,10.1088/1757-899x/1292/1/012007,https://doi.org/10.1088/1757-899x/1292/1/012007,journal-article,"<jats:title>Abstract</jats:title>
               <jats:p>Tactile perception plays an important role in an agent safely interacting with the environment while acquiring information about it. Bio-inspired robotics opens up possibilities for a new paradigm leveraging the morphology of the body, which filters the tactile information in physical interactions and enables investigations of new designs for embodied active tactile perception. The subjects of morphology embodied active perception and moto"
73,6,2023,,vision language action robotics,Feature distillation from vision-language model for semisupervised action classification,Turkish Journal of Electrical Engineering and Computer Sciences,10.55730/1300-0632.4038,https://doi.org/10.55730/1300-0632.4038,journal-article,"<jats:p>The training of supervised machine learning approaches is critically dependent on annotating large-scale datasets. Semisupervised learning approaches aim to achieve compatible performance with supervised methods using relatively less annotation without sacrificing good generalization capacity. In line with this objective, ways of leveraging unlabeled data have been the subject of intense research. However, semisupervised video action recognition has received relatively less attention com"
74,6,2023,,embodied intelligence scaling,On the Timescales of Embodied Intelligence for Autonomous Adaptive Systems,"Annual Review of Control, Robotics, and Autonomous Systems",10.1146/annurev-control-063022-094301,https://doi.org/10.1146/annurev-control-063022-094301,journal-article,"<jats:p>Embodiment is a crucial concept for the autonomy and adaptivity of systems working in the physical world with high degrees of uncertainty and complexity. The physical bodies of autonomous adaptive systems heavily influence the information flow from the environment to the central processing (and vice versa), requiring us to consider the full triad of brain, body, and environment to investigate intelligent behavior. This article provides a structured review of embodied intelligence with a "
75,6,2023,,sim-to-real robotics,Robot Manipulation Skills Transfer for Sim-to-Real in Unstructured Environments,Electronics,10.3390/electronics12020411,https://doi.org/10.3390/electronics12020411,journal-article,"<jats:p>Robot force control that needs to be customized for the robot structure in unstructured environments with difficult-to-tune parameters guarantees robots’ compliance and safe human–robot interaction in an increasingly expanding work environment. Although reinforcement learning provides a new idea for the adaptive adjustment of these parameters, the policy often needs to be trained from scratch when used in new robotics, even in the same task. This paper proposes the episodic Natural Actor"
76,6,2023,,embodied intelligence scaling,Scaling down migrant homemaking: home possessions and the embodied experience of home,Handbook on Home and Migration,10.4337/9781800882775.00042,https://doi.org/10.4337/9781800882775.00042,book-chapter,
77,6,2023,,robot tactile perception,Tactile-GAT: Tactile Graph Attention Networks for Robot Tactile Perception Classification,,10.21203/rs.3.rs-3261017/v1,https://doi.org/10.21203/rs.3.rs-3261017/v1,posted-content,"<jats:title>Abstract</jats:title>
        <jats:p>As one of the most important senses in human beings, touch can also help robots better perceive and adapt to complex environmental information, improving their autonomous decision-making and execution capabilities. Compared to other perception methods, tactile perception needs to handle multi-channel tactile signals simultaneously, such as pressure, bending, temperature, and humidity. However, directly transferring deep learning algorithms that w"
78,6,2022,,sim-to-real robotics,Bidirectional Sim-to-Real Transfer for GelSight Tactile Sensors With CycleGAN,IEEE Robotics and Automation Letters,10.1109/lra.2022.3167064,https://doi.org/10.1109/lra.2022.3167064,journal-article,
79,6,2022,,sim-to-real robotics,Cloud-Edge Training Architecture for Sim-to-Real Deep Reinforcement Learning,2022 IEEE/RSJ International Conference on Intelligent Robots and Systems (IROS),10.1109/iros47612.2022.9981565,https://doi.org/10.1109/iros47612.2022.9981565,proceedings-article,
80,6,2022,,sim-to-real robotics,Dynamic Bipedal Turning through Sim-to-Real Reinforcement Learning,2022 IEEE-RAS 21st International Conference on Humanoid Robots (Humanoids),10.1109/humanoids53995.2022.10000225,https://doi.org/10.1109/humanoids53995.2022.10000225,proceedings-article,
81,6,2022,,embodied intelligence scaling,Embodied Team Intelligence in Multi-Robot Systems,International Joint Conference on Autonomous Agents and Multiagent Systems Proceedings of the Third International Joint Conference on Autonomous Agents and Multiagent Systems - Volume 1,10.65109/txsu5630,https://doi.org/10.65109/txsu5630,proceedings-article,"<jats:p>High-performing human teams leverage intelligent and efficient communication and coordination strategies to collaboratively maximize their joint utility. Inspired by teaming behaviors among humans, I seek to develop computational methods for synthesizing intelligent communication and coordination strategies for collaborative multi-robot systems. I leverage both classical model-based control and planning approaches as well as data-driven methods such as Multi-Agent Reinforcement Learning "
82,6,2022,,robot grasping learning,EMG-Based Grasping Force Estimation for Robot Skill Transfer Learning,Nelineinaya Dinamika,10.20537/nd221221,https://doi.org/10.20537/nd221221,journal-article,"<jats:p>In this study, we discuss a new machine learning architecture, the multilayer preceptron-random forest regressors pipeline (MLP-RF model), which stacks two ML regressors of different kinds to estimate the generated gripping forces from recorded surface electromyographic activity signals (EMG) during a gripping task. We evaluate our proposed approach on a publicly available dataset, putEMG-Force, which represents a sEMG-Force data profile. The sEMG signals were then filtered and preproces"
83,6,2022,,sim-to-real robotics,Grasp Stability Prediction with Sim-to-Real Transfer from Tactile Sensing,2022 IEEE/RSJ International Conference on Intelligent Robots and Systems (IROS),10.1109/iros47612.2022.9981863,https://doi.org/10.1109/iros47612.2022.9981863,proceedings-article,
84,6,2022,,sim-to-real robotics,Zero-shot sim-to-real transfer of reinforcement learning framework for robotics manipulation with demonstration and force feedback,Robotica,10.1017/s0263574722001230,https://doi.org/10.1017/s0263574722001230,journal-article,"<jats:title>Abstract</jats:title><jats:p>In the field of robot reinforcement learning (RL), the reality gap has always been a problem that restricts the robustness and generalization of algorithms. We propose Simulation Twin (SimTwin) : a deep RL framework that can help directly transfer the model from simulation to reality without any real-world training. SimTwin consists of a RL module and an adaptive correct module. We train the policy using the soft actor-critic algorithm only in a simulator"
85,6,2021,,sim-to-real robotics,Blind Bipedal Stair Traversal via Sim-to-Real Reinforcement Learning,Robotics: Science and Systems XVII,10.15607/rss.2021.xvii.061,https://doi.org/10.15607/rss.2021.xvii.061,proceedings-article,
86,6,2021,,sim-to-real robotics,Characterization of Modeling Errors Affecting Performances of a Robotics Deep Reinforcement Learning Controller in a Sim-to-Real Transfer,"2021 44th International Convention on Information, Communication and Electronic Technology (MIPRO)",10.23919/mipro52101.2021.9596864,https://doi.org/10.23919/mipro52101.2021.9596864,proceedings-article,
87,6,2021,,embodied intelligence scaling,Embodied intelligence via learning and evolution,Nature Communications,10.1038/s41467-021-25874-z,https://doi.org/10.1038/s41467-021-25874-z,journal-article,"<jats:title>Abstract</jats:title><jats:p>The intertwined processes of learning and evolution in complex environmental niches have resulted in a remarkable diversity of morphological forms. Moreover, many aspects of animal intelligence are deeply embodied in these evolved morphologies. However, the principles governing relations between environmental complexity, evolved morphology, and the learnability of intelligent control, remain elusive, because performing large-scale in silico experiments on"
88,6,2021,,sim-to-real robotics,Grounded action transformation for sim-to-real reinforcement learning,Machine Learning,10.1007/s10994-021-05982-z,https://doi.org/10.1007/s10994-021-05982-z,journal-article,"<jats:title>Abstract</jats:title><jats:p>Reinforcement learning in simulation is a promising alternative to the prohibitive sample cost of reinforcement learning in the physical world. Unfortunately, policies learned in simulation often perform worse than hand-coded policies when applied on the target, physical system. Grounded simulation learning (<jats:sc>gsl</jats:sc>) is a general framework that promises to address this issue by altering the simulator to better match the real world (Farchy e"
89,6,2021,,robot reinforcement learning,"Learning for a Robot: Deep Reinforcement Learning, Imitation Learning, Transfer Learning",Sensors,10.3390/s21041278,https://doi.org/10.3390/s21041278,journal-article,"<jats:p>Dexterous manipulation of the robot is an important part of realizing intelligence, but manipulators can only perform simple tasks such as sorting and packing in a structured environment. In view of the existing problem, this paper presents a state-of-the-art survey on an intelligent robot with the capability of autonomous deciding and learning. The paper first reviews the main achievements and research of the robot, which were mainly based on the breakthrough of automatic control and ha"
90,6,2021,,imitation learning robotics,Robot Manipulation Learning Using Generative Adversarial Imitation Learning,Proceedings of the Thirtieth International Joint Conference on Artificial Intelligence,10.24963/ijcai.2021/678,https://doi.org/10.24963/ijcai.2021/678,proceedings-article,"<jats:p>Imitation learning allows learning complex behaviors given demonstrations. Early approaches belonging to either Behavior Cloning or Inverse Reinforcement Learning were however of limited scalability to complex environments. A more promising approach termed as Generative Adversarial Imitation Learning tackles the imitation learning problem by drawing a connection with Generative Adversarial Networks. In this work, we advocate the use of this class of methods and investigate possible exten"
91,6,2021,,imitation learning robotics,Self-Imitation Advantage Learning,International Joint Conference on Autonomous Agents and Multiagent Systems Proceedings of the Third International Joint Conference on Autonomous Agents and Multiagent Systems - Volume 1,10.65109/kkvm3697,https://doi.org/10.65109/kkvm3697,proceedings-article,"<jats:p>Self-imitation learning is a Reinforcement Learning (RL) method that encourages actions whose returns were higher than expected, which helps in hard exploration and sparse reward problems. It was shown to improve the performance of on-policy actor-critic methods in several discrete control tasks. Nevertheless, applying self-imitation to the mostly action-value based off-policy RL methods is not straightforward. We propose SAIL, a novel generalization of self-imitation learning for off-po"
92,6,2021,,sim-to-real robotics,Sim-to-Real Transfer for Robotic Manipulation with Tactile Sensory,2021 IEEE/RSJ International Conference on Intelligent Robots and Systems (IROS),10.1109/iros51168.2021.9636259,https://doi.org/10.1109/iros51168.2021.9636259,proceedings-article,
93,6,2020,,robot tactile perception,Embodied tactile perception and learning,Brain Science Advances,10.26599/bsa.2020.9050012,https://doi.org/10.26599/bsa.2020.9050012,journal-article,"<jats:p>Various living creatures exhibit embodiment intelligence, which is reflected by a collaborative interaction of the brain, body, and environment. The actual behavior of embodiment intelligence is generated by a continuous and dynamic interaction between a subject and the environment through information perception and physical manipulation. The physical interaction between a robot and the environment is the basis for realizing embodied perception and learning. Tactile information plays a c"
94,6,2020,,sim-to-real robotics,Learning of Real-to-Sim Image Transfer with Latent Dynamics Model,The Proceedings of JSME annual Conference on Robotics and Mechatronics (Robomec),10.1299/jsmermd.2020.1p1-b07,https://doi.org/10.1299/jsmermd.2020.1p1-b07,journal-article,
95,6,2020,,sim-to-real robotics,Meta Reinforcement Learning for Sim-to-real Domain Adaptation,2020 IEEE International Conference on Robotics and Automation (ICRA),10.1109/icra40945.2020.9196540,https://doi.org/10.1109/icra40945.2020.9196540,proceedings-article,
96,6,2020,,sim-to-real robotics,Real–Sim–Real Transfer for Real-World Robot Control Policy Learning with Deep Reinforcement Learning,Applied Sciences,10.3390/app10051555,https://doi.org/10.3390/app10051555,journal-article,"<jats:p>Compared to traditional data-driven learning methods, recently developed deep reinforcement learning (DRL) approaches can be employed to train robot agents to obtain control policies with appealing performance. However, learning control policies for real-world robots through DRL is costly and cumbersome. A promising alternative is to train policies in simulated environments and transfer the learned policies to real-world scenarios. Unfortunately, due to the reality gap between simulated "
97,6,2020,,sim-to-real robotics,Reinforced Grounded Action Transformation for Sim-to-Real Transfer,2020 IEEE/RSJ International Conference on Intelligent Robots and Systems (IROS),10.1109/iros45743.2020.9341149,https://doi.org/10.1109/iros45743.2020.9341149,proceedings-article,
98,6,2020,,sim-to-real robotics,Scalable sim-to-real transfer of soft robot designs,2020 3rd IEEE International Conference on Soft Robotics (RoboSoft),10.1109/robosoft48309.2020.9116004,https://doi.org/10.1109/robosoft48309.2020.9116004,proceedings-article,
99,6,2020,,robotics scaling law,Scaling data-driven robotics with reward sketching and batch reinforcement learning,Robotics: Science and Systems XVI,10.15607/rss.2020.xvi.076,https://doi.org/10.15607/rss.2020.xvi.076,proceedings-article,
100,6,2020,,sim-to-real robotics,Sim-to-Real Transfer for Optical Tactile Sensing,2020 IEEE International Conference on Robotics and Automation (ICRA),10.1109/icra40945.2020.9197512,https://doi.org/10.1109/icra40945.2020.9197512,proceedings-article,
